{
  "name": "esp32_ftpclient",
  "version": "0.1.1",
  "description": "A FTP-Client for the ESP32",
  "keywords": "sensors, low power, mobile, ftp, web, cloud, iot, esp32, espressif",
  "authors":
  {
    "name":  "Leonardo Bispo",
    "url":   "https://github.com/ldab",
    "maintainer": true
  },
  "repository":
  {
    "type": "git",
    "url": "https://github.com/ldab/ESP32_FTPClient.git"
  },
  "homepage": "https://github.com/ldab/ESP32_FTPClient",
  "export": {
    "exclude": [
      "linux",
      "extras"
    ]
  },
  "frameworks": "arduino",
  "platforms": "espressif32",
  "examples": "examples/*/*.ino"
}